model,rmse,mae,r2
LinearRegression,1.237570152187662,0.9474942603311941,0.4389885468628716
RandomForest,1.2082960445657063,0.9281371492704826,0.4652155358935015
NeuralNetwork,1.307620842803557,0.9966749867477305,0.3736807739625799
