model,rmse,mae,r2,cv_rmse_mean,cv_rmse_std
LinearRegression,1.109008744338067,0.8629306814243587,0.5539560362880267,1.0843559506719753,0.01574041521310762
RandomForest,0.9883494756692204,0.7613477629987907,0.6457345513307935,0.9766769106805411,0.012284445857257445
NeuralNetwork,0.9616165300619016,0.7422039771125889,0.6646397645772666,0.9598201074265683,0.011590743378302532
